tss_calendars_d.created_by	230090418	1900000001	1900000000	149087
tss_calendars_d.last_updated_by	230090418	1900000001	1900000000	149087
tss_calendars_d.bl_load_id	1
tss_service_levels_d_v.bl_service_level_key	29	8	4	12	21	11	14	104	13	2	3	19	24	105	32	101	30	7	288	6	26	106	23	9	20	31	102	103	10	5	16	1	34	27	22	17	25	28	18	287	33	15
tss_service_levels_d_v.service_level_id	8	41	4	12	21	11	14	13	2	3	7	6	23	9	10	5	16	1	22	17	15
tss_service_levels_d_v.business_process_id	1004	1042	1026	1027	1025	1024	1021	1020	1023	1019
tss_service_levels_d_v.service_region_id	285
tss_service_levels_d_v.sdp_service_level_incl	1
tss_service_levels_d_v.created_by	120597	113603
tss_service_levels_d_v.last_update_by	120597	109955
tss_service_levels_d_v.bl_load_id	2171	1	12006	34733	2833	33943	18479	15266	34153
tss_workgroups_d.bl_workgroup_key	9432	5440	9619	2105	9321	9061	5394	421	205	6174	4811	1697	9189	8194	9580	2888	1054	6800	9425	5575	401	9195	1710	3529	9182	9193	3487	44	9600	9736	1655	3426	4430	7135	9100	1424	9693	411	9725	491	9057	9247	1676	1992	1759	9056	6975	311	9547	9377	2746	620	1896	1950	2100	6843	9395	446	9434	75	2554	9302	9783	481	183	373	584	1194	1389	3086	1470	9079	9034	9233	2190	9191	487	9790	639	564	313	2039	7874	2029	1691	6388	9805	9538	239	33	3128	6842	673	9201	1200	1600	2218	9751	1907	9727	9218	276	9732	467	4350	872	203	2272	4431	646	1540	2137	9426	1450	1560	1653	2468	2266	30	146	2159	3667	9467	6	510	9308	1761	1683	2183	4112	9602	1725	1991	432	647	1738	1722	506	1727	1688	9707	1469	9334	9820	69	4109	1838	9610	1620	1880	9044	1962	3148	479	1474	2687	4831	1762	175	1952	1902	9387	9362	6823	7614	1636	1704	9533	4874	417	9124	9712	6974	9400	1586	9237	387	216	2057	9719	695	9068	9684	1420	1743	9204	9633	9709	4755	5256	6390	9235	189	9545	658	118	9074	7898	553	9679	559	9430	5674	2806	6776	9257	126	364	5152	1615	193	1663	579	8996	7674	2562	1771	9506	1876	293	9314	2552	4652	1726	5255	9808	2090	9276	2235	7216	9591	5659	9458	1501	1633	1747	63	2094	9240	9269	9047	43	1183	9804	1877	9372	270	1904	5514	1564	9206	5257	1464	9120	625	9444	2221	1661	6802	1913	852	4630	4114	444	9348	9789	2149	1558	1705	9230	2213	7340	7374	1989	9089	130	1392	9408	1557	1906	1932	2062	6914	9584	1133	1374	3807	2088	153	2197	1454	483	1593	2030	2048	874	1472	505	1482	332	227	9513	1849	618	255	1384	8215	1579	1367	9590	1432	2812	4633	6817	2161	8414	4369	4228	4954	8114	9040	5914	9422	2168	6675	9702	6236	2142	9612	6034	79	1444	282	7294	2145	9141	4349	9127	6718	1891	9327	3407	221	6416	683	1553	1534	9038	9272	7934	1418	1881	9396	2022	2112	8335	6897	1182	9024	328	9332	2558	4851	2271	2571	9491	6296	2065	6316	6385	3066	9739	3288	5535	9639	9690	5435	9366	597	1714	8434	4148	1861	610	87	309	9603	1715	9291	6579	1556	219	9051	9119	6326	2848	9331	5455	6702	31	9277	7334	9375	72	6057	442	458	8474	490	5132	2227	2467	9531	351	358	1517	9792	8715	9390	9178	1920	1395	1055	5599	503	108	24	9767	430	105	2053	9571	2230	9662	6295	9692	9495	2212	4171	9627	8754	1174	438	9412	6381	7574	1889	1740	9673	2017	2092	9045	2087	2151	1648	9597	9481	9137	7495	2136	1539	1869	596	9160	1567	9624	5694	8054	9021	9507	450	9125	6136	1468	9017	2299	4610	7834	6818	1783	1789	9823	2	2101	1687	1905	9701	9026	1437	9319	2565	1919	6035	526	1201	2003	9333	2706	6134	2551	9168	9280	2189	9211	8014	1805	2164	529	310	9203	1614	2211	9592	9304	84	9416	9202	4348	1923	6826	335	1864	649	269	547	1442	3528	6824	681	3688	4952	398	1412	9807	1723	4210	9442	245	2359	9635	9121	3186	9511	9105	370	9474	1977	9200	45	1974	2384	2423	143	707	6534	1596	124	4791	2031	8334	5539	7455	1	22	390	9090	2242	602	2175	5155	7254	555	8234	199	439	272	2041	5756	4632	6014	6809	117	9215	464	9742	2203	1767	4771	100	9433	3486	9469	42	9803	375	5834	324	9212	9670	6796	1929	7776	1899	1986	4212	9681	1483	1471	1526	6822	201	209	1640	9177	9268	295	1968	2114	9264	570	1490	1887	7015	2113	6391	9785	1763	4469	1638	9763	513	5054	617	1597	1645	7094	7335	12	1578	190	1467	5814	4812	9371	342	1965	1976	393	217	1382	7575	237	4169	1716	9588	1934	9261	9710	635	2077	9466	1378	9032	9231	4409	321	1361	2182	8697	9112	157	382	2546	9165	687	3691	6717	701	9126	8674	1380	1537	6379	3167	9724	9738	1744	2020	9700	8	9567	1673	9221	9164	5235	80	1914	277	6821	9049	2196	9468	119	9447	9122	9527	9454	1779	588	4174	7	9351	8794	1213	1511	533	2104	1032	1812	1860	6475	4953	3409	1708	9824	9185	7434	318	2241	6654	48	1667	2025	2093	9413	2889	6674	1563	9621	511	3666	188	652	4753	6321	81	7914	609	619	9598	1819	6239	6699	6894	1059	6777	5454	2091	6813	1529	1343	1533	5614	194	86	1917	256	1363	9054	6806	345	9565	9341	9250	7594	9643	172	541	1719	1060	9608	9696	125	91	128	9680	1730	394	5414	77	2148	2786	1515	9604	9462	350	3467	1947	9117	9640	3	1996	3406	2365	1619	231	2166	3646	9300	2162	213	431	3206	248	9281	9409	1542	1872	1852	1430	1061	9301	137	131	3174	127	2553	6094	9188	9606	4854	9550	2004	476	8094	9512	1487	6838	8476	2191	6324	238	9170	9622	290	9133	7376	9241	6819	1998	1477	3767	8634	2228	123	7774	1497	9435	1176	8534	1388	5654	5154	516	2016	1776	9548	9650	361	703	9208	1951	229	116	2360	9796	9228	5954	1605	8074	1554	2264	2276	7314	1180	9525	1818	1982	2233	4153	9594	257	135	2556	2042	9665	8734	4932	9806	5735	2001	9734	9179	4429	1438	264	6697	1375	1865	1573	1957	514	8035	94	6694	873	1734	9826	991	6812	2163	9363	9405	2160	47	6695	663	15	304	9613	2278	1884	306	651	3747	528	631	2274	1944	9274	6315	162	9749	297	9173	1598	412	285	1500	1659	4549	5377	578	1792	2506	9768	9407	9717	4892	9595	2268	97	654	9515	1750	5092	6380	1875	2560	340	2887	9637	9557	2559	9761	8395	9528	422	5437	2169	9740	9338	2947	7901	2069	9295	2214	9720	2089	1910	1538	6834	519	5598	1885	9632	8374	6577	1445	9373	9166	9260	9716	7075	6574	9638	9290	419	1802	372	2367	1507	1751	9530	6194	181	2167	621	626	1473	2813	6319	9735	6804	611	98	1949	9614	9461	2141	4211	1946	9223	9134	1451	1401	96	389	2568	1033	3166	2061	3969	222	498	1376	9759	41	9361	8834	7734	9219	9647	253	1935	261	1694	6054	74	2005	1113	1462	3126	2666	3446	9439	1857	2224	424	397	166	1508	9516	9666	23	9	1202	1942	9556	2047	1528	561	9042	1958	9611	434	1808	2277	377	9368	179	1552	271	4911	605	2201	2550	9452	9303	1964	1742	9520	3507	6056	1967	455	1410	1480	3413	9596	9388	4631	1443	2150	9064	6808	9027	9226	671	9573	1757	5274	8555	9536	1785	535	2096	9686	1981	1627	9514	9496	1644	3687	471	9025	1398	583	9187	1786	445	307	9309	1897	287	461	1908	3246	1775	532	1844	2273	2487	1699	9093	8375	9672	141	3346	338	177	3266	6595	9050	571	2172	7215	9754	1606	5738	9431	9483	192	9718	473	2158	4671	1909	70	9058	7794	106	1595	1724	9298	9410	1879	9411	499	1867	6323	9659	9294	2073	616	1342	4972	1955	1995	140	3146	1961	1871	5854	2279	9699	1769	603	182	9316	580	441	9423	9155	8396	249	9113	1314	1928	6389	9569	5012	158	258	9760	466	1355	2194	9831	144	674	1365	636	9030	8154	9258	9378	1543	1811	697	8034	388	1056	1847	9529	6840	2564	496	9787	6314	3788	51	2070	2178	2143	9358	615	460	641	4390	9660	9437	9623	7217	1360	9668	9060	9159	6154	6778	9035	7895	7494	1973	7974	3668	1912	7194	8717	9339	4712	1900	9788	2366	2015	2034	9743	9072	356	477	9782	2132	1709	1972	298	9330	7114	8475	1829	3526	9440	672	5536	1559	791	1814	6114	770	5058	9542	4754	9123	1780	474	2200	660	9114	9559	1561	1434	6799	107	7154	7276	1824	374	3287	1576	120	1970	3130	1581	9354	9069	9022	1345	178	9296	1833	9243	9574	211	1525	6494	5056	7454	7054	1481	4188	3147	2726	9521	3149	2232	9238	9386	1181	133	1939	2010	54	544	73	9593	453	173	1868	2364	932	8294	6382	278	1510	1368	1479	3289	9671	682	9167	9815	413	5376	1956	1458	4209	2133	2425	9620	2165	9560	4048	93	2771	379	1702	2402	1990	1362	691	4168	3466	6934	9315	1390	9055	9392	9601	9819	1791	9140	6696	138	5214	1670	4414	1177	1547	6387	3686	1031	9799	2000	3067	9708	1516	1364	2046	1756	1387	6176	3987	1820	2007	9205	2176	9765	1356	6994	148	698	6698	1425	9220	5355	9438	9356	9345	9199	1476	8494	28	4891	9046	9730	429	1612	82	971	1577	1405	1854	9758	9504	88	2109	1848	4067	4711	2184	2231	13	9472	524	1617	4658	4912	569	1733	1959	9111	530	3171	155	1366	1924	1843	3173	606	1456	9236	9239	5555	5053	1091	1460	414	9364	9118	3887	6375	9391	9589	9786	1695	1888	8654	562	525	1866	624	1666	9488	1662	2052	1707	6554	9801	463	1741	8214	367	365	1357	5657	9420	427	9091	1874	9490	9171	9136	3207	2192	1850	9259	170	5934	9654	1855	2018	9821	2117	9196	9106	8814	1729	1630	4872	2205	3506	1794	16	9251	1448	1737	1810	1978	9630	9748	8574	2068	8274	9652	1918	349	9834	6575	7375	1712	6514	520	1718	451	518	2072	2080	1654	9088	9582	19	2050	9685	3689	9427	279	9108	251	1994	4570	1746	1407	2234	2361	9317	2362	5439	5600	1536	9138	1588	684	38	9615	2267	1566	186	1334	1658	1921	1984	6798	9618	46	9150	521	9225	1404	1436	632	9328	4027	4731	527	4108	6801	9065	2038	7176	2083	9518	341	191	3028	312	9825	8594	288	2139	9645	376	2466	1592	7414	1383	9163	2209	243	208	6811	9607	4070	9244	1340	9324	9443	2170	9605	1766	8175	1489	2906	2002	9688	1426	1433	1890	3412	2240	9532	247	9489	457	9703	9376	9579	4151	9147	164	9446	2300	9697	9094	284	9774	3907	4248	512	9424	9222	1569	2827	1196	3415	9107	1493	8174	83	121	325	9162	1735	8774	9129	9694	6815	3586	1831	686	110	4150	1681	1629	37	2220	385	1421	494	9677	9563	3046	5374	675	1987	2076	6435	2229	2886	9778	9421	676	9502	1685	11	9729	3546	9255	5737	305	259	4873	9346	9273	8454	1294	2019	5055	59	1492	629	1732	9695	489	5354	9213	9099	9110	9445	630	2078	7219	1774	1502	9775	568	1524	9224	9494	2646	3006	590	25	281	240	699	1915	9818	2044	447	3789	4432	9828	9232	1677	3172	169	9075	645	1931	2926	2153	196	145	1422	653	1671	61	400	1589	2569	2768	1339	677	1379	1546	197	613	1428	598	9076	433	9020	103	3168	7338	1582	220	265	1646	9270	1836	6578	7900	1925	6805	2275	5836	250	2074	348	604	1721	1938	2014	9485	391	5634	689	9318	2116	6254	9609	9109	1656	56	2225	2037	2110	4288	9369	7994	352	139	1753	2363	407	9484	9777	9772	771	1948	9041	2095	9683	9752	6779	1452	6075	435	9745	1682	9210	1634	1739	5456	9344	548	7796	18	1274	9349	9617	2766	832	9682	1668	1173	1453	3968	6836	656	425	9288	3626	9477	366	9156	6318	114	2107	1856	344	1071	9705	9564	6135	9509	9587	592	9460	6434	1798	2907	667	1839	655	9227	9292	316	9498	642	6715	2063	9577	7897	2808	1193	9455	6415	224	1575	4655	9192	1971	9553	1797	7175	1711	1628	378	472	546	296	3606	6354	690	9115	4328	9766	4713	6374	292	9130	1892	9157	1823	1503	2135	235	1669	3489	9359	9287	9245	2157	9097	3286	587	644	891	9087	6714	9048	2847	5815	501	1512	168	92	9310	4049	9172	5540	6436	6274	9279	640	9636	7220	2767	6235	497	2032	362	1092	1840	2059	7274	9480	64	7814	1466	9827	6780	3169	728	9214	1813	4208	1562	6614	1657	212	6635	6074	3690	5541	156	7795	8254	1336	1816	9562	1609	2809	2055	6899	9343	2966	9365	1495	9497	9476	4410	657	1594	8716	4172	1052	9019	2140	1963	1254	540	252	582	9289	1980	702	159	1399	1580	9537	7034	557	9401	9449	9456	90	319	5837	1587	167	1999	5275	5975	402	1911	1607	17	1583	9723	3106	2054	2097	9299	2071	2099	9478	234	9285	1631	151	9771	448	4	8354	1859	5915	1790	522	184	601	1680	7775	486	228	504	1198	2548	1650	3527	9802	6320	171	2033	1922	9311	5057	9800	244	9780	1429	9284	1568	871	289	2043	9795	1475	9551	1570	1199	5594	9687	2098	1549	5714	1765	3129	3727	8934	2446	1590	2222	9776	1825	2219	1943	65	2075	1624	136	9335	9086	396	9181	2319	3306	2119	7343	685	317	1618	523	9347	4510	9145	500	1135	2045	9669	2102	9023	1821	152	1832	2547	8614	404	9471	1446	2826	6874	1684	1834	5474	274	9262	6234	40	2223	627	1686	1520	2204	5538	406	380	9493	174	7395	600	286	426	9479	9153	2810	5996	392	1903	1752	706	1235	1411	2027	9779	3847	1672	4413	223	6803	7218	1555	1894	9770	1449	488	628	1639	577	1574	300	1941	254	7394	302	2147	9833	9207	2627	2269	4751	68	670	8714	6238	475	509	9031	4170	2056	1341	4412	2563	129	9552	9383	694	4509	692	9320	9470	7355	6383	1803	35	599	111	218	2086	5734	1572	2369	1851	7214	2382	7344	1179	9144	9555	6810	2085	2152	1647	2049	134	7275	1372	2828	9457	5754	1544	6797	9539	176	6816	9628	2383	9103	60	9249	1369	1997	9463	2239	21	207	643	9728	9811	9714	6700	1621	9663	1837	9307	2108	9381	266	1966	5494	3488	9384	2686	9081	7554	6794	9549	9271	465	1616	1608	2155	1954	55	5434	9832	6177	6327	67	9450	4853	517	1835	246	8894	478	1337	1700	9154	1800	1675	2188	9265	9482	9814	1400	5736	9487	9036	1338	1706	9583	3367	4659	9242	1419	3326	4852	1484	1463	2263	648	638	9642	9176	9397	1377	354	395	2103	2146	147	263	536	9252	2058	161	1393	1550	9769	95	1396	539	5	678	4656	6576	50	1828	9085	661	6835	542	1799	99	384	9793	2129	76	215	1403	4660	9503	383	9570	163	574	9175	7337	280	436	2023	5375	5835	1591	2567	2829	4651	1641	6734	9135	2131	591	9744	5656	8694	1402	6328	608	1414	1960	1601	2206	9722	705	9791	1643	9706	534	336	113	1787	1770	9077	9599	420	53	9102	1635	8696	9096	9083	104	9070	3027	2156	7345	730	2180	1895	2124	9278	9326	2237	1703	9459	4309	556	49	9148	3787	1602	545	9651	26	9367	2082	6555	7754	9098	9561	9174	9704	9095	2667	456	1509	9197	357	9360	149	6701	9101	3947	8974	5994	7342	5254	9186	1937	9398	1504	2122	4670	2626	9517	7315	4113	9813	576	4653	5995	9626	85	459	4069	9746	1335	666	2967	468	831	911	9453	9753	9473	371	6915	347	1717	1423	1527	355	1175	122	1758	6634	346	9794	71	1665	2008	9830	2144	1936	1058	1713	89	320	226	1768	9741	688	9184	2770	9382	57	9429	1513	2187	428	195	2606	260	538	1827	2186	7694	1234	1585	9142	9216	1927	2026	2111	3967	9629	9256	9217	2173	1439	9648	9762	299	8675	2557	8514	1993	1447	9822	6841	1359	1846	5438	3706	6414	206	6594	2339	1440	9816	1642	4007	1514	1541	9286	492	5794	9586	4411	9253	14	2154	9711	7896	1134	612	2181	9082	423	6896	6814	1494	9337	3530	9661	8394	9183	2064	8554	109	6325	52	1754	662	9625	552	9631	4871	1394	9419	1841	6386	9798	1678	1623	322	6820	2179	1985	1755	709	5574	5874	7634	409	9535	669	6839	416	6954	4173	334	5894	1698	2123	3927	9394	9505	1408	4449	9370	1882	5774	3226	301	4268	2060	9293	811	1344	1873	4152	1720	4470	5334	9541	1521	704	327	665	575	4690	2814	543	6716	9059	142	2009	567	3531	1930	443	589	3827	9263	9149	4714	9644	1457	1692	2024	1795	6329	6377	9698	9415	1459	32	9323	5695	614	1637	9465	2507	369	462	1386	202	792	2424	9161	9234	3414	2120	1696	7474	1842	1817	4590	9756	3908	480	1807	230	66	2561	9675	9158	1371	3127	9523	508	1461	1898	9151	9674	2198	9747	8135	2066	2174	3026	4654	9731	7615	9131	4308	1551	495	9146	1764	2404	1506	3068	851	9572	5775	680	9678	1731	1604	9313	2526	2216	1660	2079	102	622	1788	550	9812	9817	9282	1975	27	9194	9340	9053	2202	7014	9581	8134	308	1793	29	2849	6294	1571	343	9829	9634	9441	273	2946	1486	594	329	9406	2118	2067	2270	4389	2036	452	9524	8854	353	1599	1693	267	2948	9267	9784	1416	9385	2236	326	6795	1491	7894	10	565	4088	750	482	4489	242	2846	323	9689	9691	668	2486	9380	1391	1413	1853	7354	8376	3411	1610	502	9499	2426	9558	1883	9043	9428	150	3410	9403	9554	6580	9715	9152	1427	507	9436	1969	7854	9540	1778	9404	303	9073	1777	9664	4550	2013	4752	1465	4087	1441	1093	1782	1863	2193	2566	9143	9733	1690	2035	9575	9029	5534	8995	2125	7714	1370	9067	2215	9475	2403	5595	333	2011	4529	9039	437	1611	1178	315	381	1358	2866	1749	1011	6317	9543	1878	554	204	1728	2265	9139	9750	291	1518	132	9492	1772	4110	3427	9071	537	1745	1886	1195	708	9519	1862	9544	5032	1826	6754	1498	268	2226	4650	650	5052	560	9092	4149	585	1053	1781	729	4128	1893	1373	700	1979	3867	7654	9576	931	9399	607	2021	7234	3087	5974	549	440	637	1689	6055	1485	9781	9649	7134	115	7899	5596	4111	5072	7174	9757	9078	9283	2208	3707	2262	6378	951	9566	1945	236	9062	9578	5314	275	154	262	363	6898	693	1478	1613	8954	200	5655	566	2217	6837	623	1806	9266	9585	9451	2115	9393	6214	531	9508	6384	933	1505	9322	9501	1983	1548	9526	581	1926	558	20	1417	360	8914	9116	1214	5597	1748	1664	2570	1625	2006	2138	679	5537	7016	9028	5073	572	5294	6774	4657	9546	9248	1354	112	314	403	1632	6854	6334	2130	6394	1523	9037	9655	1197	1409	2106	5153	1051	2586	1701	9275	8874	696	9389	9658	9534	6175	1397	1431	9656	8994	9325	9764	9352	1455	9773	2121	6474	9379	9464	9080	283	2177	493	3088	2210	2171	1565	6454	515	449	6237	2051	330	1626	2549	8695	551	9657	1519	9448	2195	2207	9355	3566	1499	9809	9350	1488	9305	294	1815	1858	1953	1530	6825	9254	1801	9229	408	573	586	9357	1652	5554	9312	9342	1315	2573	9180	1784	470	9033	405	9063	9810	9500	6895	7514	9190	9353	1545	185	9417	9016	9616	9726	9510	359	9306	232	9209	160	664	1649	1415	2028	9568	1804	418	9737	7074	214	1496	9641	2238	5436	4071	337	198	225	7534	2368	9297	241	3366	1870	1845	563	9104	2040	39	6775	595	9797	165	2769	1796	187	233	1809	1822	2572	659	5174	5935	3408	9198	6376	7339	2127	1736	386	9667	3386	6437	634	7336	9522	62	2811	9336	633	1057	2128	2199	4992	2949	5194	484	1773	9653	1830	4710	1603	1535	2986	2012	210	331	2081	6807	368	1760	78	2084	5234	415	9414	399	1916	5542	9066	6322	5875	5755	34	9246	7341	1584	485	1988	1406	9721	9676	1901	2807	1674	2134	1153	5658	9402	593	1385	9418	410	7954	1622	1679	9169	9329	9052	101	8314	9374	36	9018	6178	1435	454	1531	2126	58	3170	9713	1933	875	2647	9486	5112	4047	4068	9755	2555	9646	469	9128	9132	1532	1651	339	4154	9084	1522	2185	180	1940	1381
tss_workgroups_d.workgroup_id	41126	178490	189597	134327	40885	45667	40845	176659	94803	40847	136917	41287	40916	231034	41160	454633	239712	128253	41014	41077	40790	41109	238137	71259	322051	300034	109826	143830	45728	41266	144316	40978	351591	133447	242794	45628	41308	239720	41083	40863	132170	41292	155227	247150	45688	114294	40800	75523	40883	238115	136479	45649	105198	40919	213084	240794	286949	41140	45680	40931	41129	156068	41143	150876	45747	110960	143664	144110	243163	483043	238113	481365	144416	41300	52704	206083	135593	482630	129964	41211	98817	94808	98332	118439	145927	441023	41065	40797	41088	41195	41076	453682	41066	137672	40866	157031	41048	145925	189257	209158	381339	145424	41115	41123	122450	41157	213642	41056	40838	40795	243169	301548	40814	314831	198535	45718	113595	131806	90582	41309	117579	380985	116612	41267	136924	122444	319788	41150	323628	144107	135298	40939	45734	104820	100967	45677	144933	41010	90645	79415	40932	239693	211584	45700	89600	178792	40804	239729	189497	187013	128394	71403	141672	113815	40769	353417	40906	107444	41233	41039	224291	41236	45739	354343	76074	40830	79410	259224	170939	40872	143834	41181	41124	224590	145680	40878	40987	110553	45620	40833	41256	209242	134527	40773	41059	40774	41082	41179	41155	167953	98334	137852	144102	41102	90644	41032	82962	145915	113454	41291	98333	157030	106792	225712	40798	314830	206146	40941	107896	40903	380863	41027	40988	315868	114534	50520	206145	45644	40977	352868	71409	45627	299927	41209	138773	40859	145076	467515	40984	52707	110675	41295	45745	128392	40888	318848	40792	301552	45669	41024	71402	40780	209922	40823	156532	109827	41204	125731	213565	71748	218519	41189	45689	146082	41106	71749	40947	45639	145353	41135	453335	45721	125490	143840	239726	100020	40860	195253	40858	94793	41142	246504	41202	135598	40829	40927	144480	87215	243170	41254	243165	110311	41041	145123	45662	76073	50300	41023	135292	141675	145921	45629	40799	239728	242795	40905	41093	41151	104823	50789	50352	224327	41022	211912	41285	45660	79420	120203	209238	51587	41249	229814	138772	180590	41000	41242	135939	45671	105201	213566	94805	140232	113103	41264	41103	174842	40952	75521	220829	41073	105336	45713	41114	398942	90576	145920	40849	41049	182790	170942	40960	41288	213647	140913	41304	139953	412347	40994	78512	41240	143839	40996	135297	107886	41144	40890	90654	270324	41122	41016	145427	238623	155226	239721	105204	285506	122603	125733	166970	76072	102291	243167	241960	122448	188897	40834	79411	145905	139952	412283	41042	156066	45657	113814	97432	40889	143614	91720	40929	41250	128393	41015	41201	224313	155228	41117	41120	41208	133009	122871	41222	145924	123211	145908	50505	145403	87316	354364	203202	40913	241967	45691	141652	41038	212978	138633	40876	242673	41046	110676	224589	40796	271125	41192	40813	241965	144418	40943	124023	45715	481843	45632	194912	247149	135296	216415	113453	94802	41198	135293	45681	427470	241964	94806	143838	94787	145914	145679	168295	41137	224315	103848	83959	135597	41262	41149	51949	40867	157263	206124	41293	145166	454387	144098	145078	203832	122447	51950	98335	40986	143842	98337	40954	322155	301549	79428	206147	152320	145919	41311	45698	110286	41191	41146	145780	145073	174179	79423	427477	45633	41055	41113	209865	113077	123126	122445	41218	45692	323830	322160	468107	143666	40818	111428	135392	191162	103752	45694	117196	40955	82854	41299	41184	41234	239723	145910	118383	41044	272945	140914	51434	40983	41247	241963	94782	45699	139954	41011	173464	41274	145894	243494	247148	141673	224324	139536	40772	122446	185495	113593	100965	248056	122243	41067	188685	468626	41214	41252	45643	82856	122244	224328	209241	145931	40999	150578	322159	41183	105199	221749	141674	314836	45655	230993	239698	141653	209863	40851	41182	125730	122868	45636	132129	45621	41246	166301	194594	41194	213884	40882	153890	322153	154247	247146	140912	75490	40921	40914	94789	247145	132146	104584	41290	76071	41215	41231	124523	41276	134447	71411	145928	45695	157208	41257	314833	41074	94792	453764	41173	41127	224316	154879	319950	45683	41302	224320	41108	50507	205360	245924	40827	40985	216098	145423	45701	40992	41054	41305	132128	40908	184997	40922	468628	40896	454054	40803	67741	144915	41239	41006	117195	45651	125732	40831	105205	122870	242897	41278	134367	136480	482633	40910	40928	314832	427733	133669	54937	40881	117617	113591	386949	45645	188554	79416	90653	41060	40963	94799	79414	144100	41062	482635	144099	41097	79429	136478	40868	83956	170938	354366	40853	150582	41220	428306	40836	231035	205730	144874	155580	135592	40935	125491	51168	41075	286951	92700	133666	185613	399596	467843	106251	145929	482365	286947	40880	468635	231342	239699	108497	41301	40766	40826	40887	41078	41270	113812	40850	45722	40825	224325	241959	247344	214594	41094	131810	45682	41197	40980	213646	259124	79932	144094	41040	94843	79430	154616	76078	41045	223377	104821	40822	216092	301554	145932	134311	94786	133668	45672	145891	41162	41148	106450	41258	122452	224290	40944	237340	197895	145681	40793	139537	168015	41001	41307	243168	123209	41243	51611	41279	155223	41079	115808	45625	126886	144108	40842	135294	300088	354367	40891	134329	41125	110957	239694	114500	135744	107443	83960	238898	40864	113811	40895	41205	239692	91116	41232	41163	322157	40869	145916	247147	40964	45705	40820	247345	86918	40835	115792	175718	41273	79426	145429	45650	41136	109689	98473	239722	41203	41188	131749	106793	135295	144105	157207	45709	45730	41196	240956	41019	41172	135938	40782	239719	41145	175347	135393	40951	41002	40778	40897	41080	301551	109417	100021	41092	40841	50506	428157	41009	87318	165955	229872	109138	105197	129518	94788	122564	82858	94796	224294	224331	143365	194593	41244	286857	40768	41212	188717	45726	87921	41017	45731	41012	184996	94800	100022	41003	239715	138832	354077	143833	320879	81464	135940	194595	135291	286858	193511	155224	98788	230164	206102	45630	136494	224349	104586	137213	107899	113076	145933	102371	41085	41277	41081	40794	45729	90855	209573	182296	41241	114401	224591	209864	40870	40997	153672	40949	40973	239852	380864	41167	219453	314834	203203	51173	145426	147657	399268	241966	112709	45740	50756	209539	40824	41098	145903	143841	246164	184673	40771	41132	239696	241952	195612	40965	41004	165846	40865	206144	78212	116611	242793	180011	41217	41259	427478	154316	322328	45737	137212	239695	40899	483100	98336	40945	188686	301547	45706	427862	180014	145425	71408	41131	173756	45716	156158	135937	41064	45646	40862	40765	144417	40907	41084	100023	145122	40975	482366	241958	73048	243495	75507	230992	40953	239718	134449	468636	453651	45641	153453	211457	185496	217406	79424	128091	427347	98818	183893	353416	185653	198435	315948	45631	482632	76076	41235	353090	51157	216091	116383	41053	45686	41128	40961	301550	140352	75524	45647	40884	41284	76751	40925	40912	170941	41286	287228	168014	123210	41086	209067	428274	40938	111028	151635	253657	134448	41099	399269	41095	41177	180197	45697	109137	145923	40917	40972	135942	110826	98787	94798	468629	50858	322154	155229	112972	412293	114292	205731	41051	41296	45675	144479	136315	117576	224317	79417	143837	110963	229772	40904	132171	144095	150579	89599	40918	41161	40902	110274	170945	41118	94794	239727	76091	51556	241953	133446	41227	72235	82853	135290	45642	139133	45707	45678	40791	301553	111411	41029	73706	41052	40946	273105	144096	40936	41152	353709	240793	215045	41306	125472	40934	41260	114400	238622	41089	40901	41116	71260	51727	71407	224321	152318	165146	94804	40886	94783	40809	107895	427474	40940	220429	105686	41030	50354	224314	86595	427473	40857	41221	152319	79418	110956	128395	45741	79431	300091	112050	40937	380963	45738	41031	45744	41229	41130	45624	145428	41280	40957	41171	189498	231028	105202	40968	134328	454383	138494	41147	110964	145911	73047	41312	241957	353710	41018	180511	107897	41223	150577	103131	45665	41021	41037	41303	104310	353596	144073	40920	40777	145892	40873	428156	40976	184473	140194	167055	247346	110336	145896	242872	135352	237755	482016	52568	314835	45652	97227	41200	194913	167175	113468	50353	327009	286860	468631	54859	40926	482363	139132	41156	79413	353524	109407	107888	177218	134226	131004	209068	40770	352869	206103	155826	224293	40861	125390	168296	143954	45720	40923	41096	224322	134330	114403	242873	154246	120289	40839	145934	40911	167074	75520	41070	120523	135595	121403	127064	144314	224326	126250	41026	40807	102951	54875	40779	224319	482367	41133	40900	85382	71413	354363	40967	90269	40828	195192	41104	41225	202507	144463	170944	209240	79425	222789	45679	205763	140915	40787	45711	238138	224329	122869	41261	52684	122744	41057	145079	136925	104587	143845	157205	41139	117578	79432	144106	145902	40933	96184	45623	41213	41112	354365	239714	45622	122451	45719	351728	151024	40875	113594	103849	52706	110941	75497	41174	41226	208518	399468	223378	73049	113810	145430	40788	54876	100968	40781	41210	40815	45708	45733	269344	41265	200678	51537	145922	79422	41187	41289	90655	134368	41050	122453	81150	50516	79421	71405	140292	145907	45684	411909	151634	45725	116790	94809	153251	93060	45732	286686	104588	77412	137872	137612	204965	133667	468630	45714	224309	91804	466803	134690	241956	40786	243166	41101	114293	41268	41282	45656	105200	482631	94790	467151	40950	40808	239995	170943	41141	164505	80633	40801	40894	41119	122449	41090	41165	41164	104585	45634	41175	427472	139032	82085	143831	45724	41253	107889	40989	40837	213085	75506	128397	41111	145895	427471	40930	144104	45736	40843	115620	45703	40995	103847	224330	152800	40991	241962	145744	41251	107885	223379	45626	67700	165569	45743	41107	41190	51607	40821	41199	76077	41298	145909	86535	76750	40974	75504	126885	75505	105250	40789	285745	113770	40852	40846	40856	40893	99786	41058	428272	144315	427475	41180	381212	92701	104822	41248	128391	138712	143665	40785	41228	145074	40898	175719	40981	41283	40892	41068	241955	126811	165681	197032	135594	130004	166674	244267	468632	144097	41216	41069	468637	41193	94791	137673	322158	45723	301555	209239	45637	138833	79419	164442	109403	45735	71412	170940	41105	145913	55417	40982	40816	81151	258769	118440	144109	40942	40969	169037	224869	114330	353001	242032	41153	241961	468627	155225	97228	468638	41186	353002	41020	41158	40832	135353	40802	40971	243164	145906	80634	93061	41169	111551	45663	40956	40811	40806	150580	239717	45685	79427	168294	40848	143843	41230	145422	427476	300087	41238	54874	271984	216124	41005	114402	247144	41237	45638	113178	40776	223331	40874	428249	145402	79412	41255	41224	145918	94785	238114	169098	41134	231343	322050	45742	164441	45635	144101	144547	122246	45653	353708	40817	113530	92149	41170	45658	100300	107898	45710	40840	194914	41176	196732	40775	41013	224318	467718	124503	45674	122245	41272	145077	209065	143832	45687	143835	143836	45696	40879	145917	94795	287706	113290	40966	40877	114404	45704	41008	75522	41294	41263	41072	41138	411447	154617	126570	192088	76075	40990	52569	144415	41207	94801	144103	45702	100966	41166	412292	105203	145912	106961	218547	45754	145682	40783	41185	40805	41035	94784	239700	96185	145678	71261	40784	482015	40871	322156	97712	145893	89559	235552	353707	242896	41007	109688	145930	40855	40970	156540	167374	427479	45673	482364	135941	239725	40915	239733	287227	137814	140916	98786	224312	380964	45717	137873	41061	45690	52705	45654	145926	40958	428273	481364	54752	41206	41310	51174	286856	40844	241954	144093	45661	90581	120128	45659	45727	209661	239716	214926	269345	71406	41168	41271	40948	100301	164246	94807	92702	45664	40909	91117	94797	45648	41219	40767	40962	41281	257152	143844	287707	140992	113452	41091	88403	41178	40819	45640	41036	208517	136493	246984	41245	202516	139538	399523	41269	214785	40998	91236	211900	41121	41110	76612	45666	454288	209066	243496	71410	41033	145889	41087	41025	139955	144174	125492	40993	40810	41159	428155	194915	45670	286859	134366	427568	105301	114291	41297	145354	164103	40812	239697	107887	117577	40979	91238	244175	441164	97046	150581	41034	165956	45668	193510	45693	123213	135596	94522	203930	194592	127332	45712	113592	189977	41154	113813	153419	122443	41071	145377	72358	145904	40924	41047	441024	41275	79150	45676	154618	41043	41028	188593	145075	140113	140112	128396	223770	107684	41100	41063	286950	123212	90652	40854	117618	40959
tss_workgroups_d.wkg_mgr_resource_id	100142532	100092548	100014504	100034488	100013618	100040107	100008863	100012187	100160272	100000898	100050028	100048502	100159249	100001351	100001329	100007743	100044156	100011675	100003592	100020261	100003195	100110796	100012608	100017171	100010737	100002920	100001209	100003587	100004651	100001268	100003631	100000170	100002383	100049462	100005227	100004550	100002819	100002620	100000771	100001621	100001730	100002520	100002525	100005772	100058726	100038777	100010579	100002852	100000862	100155111	100055015	100142474	100013857	100079764	100073301	100000872	100039767	100000690	100000374	100000796	100039420	100143795	100003258	100055576	100001608	100056538	100039868	100035316	100004621	100059201	100002236	100079882	100003042	100015985	100033407	100003582	100004131	100138437	100001032	100004303	100002002	100003516	100068614	100003867	100001572	100001742	100021803	100002996	100002251	100054316	100002434	100060273	100002246	100003299	100078000	100001583	100095058	100086048	100002162	100001834	100069274	100000740	100041250	100001140	100010436	100000515	100002166	100002874	100002389	100071439	100002074	100003178	100009673	100020290	100014158	100006880	100049922	100003598	100040976	100012996	100006667	100075922	100103129	100054957	100017048	100070634	100064216	100000347	100003074	100020780	100146723	100031022	100002754	100115400	100000918	100056598	100040955	100012468	100003246	100014387	100020275	100010595	100000750	100009270	100002873	100003142	100008214	100003586	100000774	100136428	100040187	100097329	100002974	100001475	100002957	100109822	100001227	100009185	100007670	100060095	100066997	100022165	100002387	100153847	100000601	100002817	100110301	100031123	100000693	100018693	100002916	100021047	100008247	100047196	100049855	100031594	100054759	100106643	100001979	100000105	100102448	100045596	100054216	100003480	100009973	100001057	100004738	100011692	100000110	100049202	100001620	100003054	100003032	100009448	100058085	100109841	100002446	100060733	100000155	100001348	100002549	100056779	100090830	100001581	100010071	100003068	100038337	100013018	100108621	100021728	100154266	100012156	100069416	100036996	100097097	100061932	100021223	100054476	100062910	100000886	100045236	100003593	100010945	100141044	100018117	100010388	100087348	100002799	100062837	100002554	100062319	100031642	100002384	100107704	100031824	100002867	100016144	100002975	100005048	100111591	100021823	100020000	100153470	100002615	100002380	100008782	100039487	100003574	100019890	100033507	100002185	100074484	100017822	100001660	100000687	100002104	100002149	100084064	100004142	100056621	100006568	100000214	100003683	100073939	100097917	100012140	100002186	100002685	100010726	100060118	100002157	100141705	100009277	100041969	100002102	100002880	100001243	100034795	100054056	100070056	100002902	100001563	100002816	100135142	100213875	100001576	100003067	100017432	100051275	100002669	100137140	100160754	100000967	100003079	100146946	100001780	100002017	100011812	100041649	100011816	100056631	100018275	100001600	100000160	100142530	100075801	100002953	100003146	100015968	100009948	100160005	100001091	100134439	100065890	100001978	100058385	100001703	100021183	100010931	100012619	100040493	100049127	100007722	100035656	100000565	100003841	100000975	100055247	100003583	100064078	100011200	100008079	100001960	100002030	100000891	100013558	100094328	100142104	100007237	100108041	100001750	100002971	100000122	100011306	100003382	100057663	100057088	100003864	100001873	100083246	100000976	100115511	100064112	100002930	100003223	100147386	100062181	100002513	100001172	100111171	100007680	100001411	100002130	100000135	100049102	100015326	100000534	100001071	100054475	100007422	100012877	100000695	100061152	100012065	100009352	100002943	100140466	100113029	100041116	100003141	100065718	100078961	100000130	100002976	100063881	100002132	100000593	100003147	100002555	100022329	100063157	100136426	100012738	100002226	100000912	100061272	100000136	100100778	100022613	100001987	100062217	100001819	100002197	100035883	100000966	100011567	100061342	100012363	100000590	100036816	100001867	100001626	100000884	100020247	100002184	100002517	100002388	100159444	100003911	100047875	100003384	100062814	100079824	100002261	100018564	100030554	100153848	100092328	100100561	100053577	100051873	100140964	100000397	100018834	100001902	100000791	100010992	100057844	100063118	100160571	100012521	100036768	100014700	100002361	100084166	100071374	100065874	100051035	100142481	100161713	100012153	100002561	100002453	100002846	100000969	100033095	100019663	100001322	100001253	100001648	100124200	100000560	100002067	100002523	100037156	100001288	100145265	100006629	100002480	100003581	100074759	100001193	100004700	100001754	100014924	100000705	100004316	100001651	100145245	100066535	100000111	100079462	100147728	100001095	100057947	100000711	100012601	100129978	100004148	100005667	100036276	100007019	100071620	100002300	100107049	100000691	100019387	100002945	100148867	100001247	100003019	100002075	100031042	100000573	100213158	100151906	100000178	100146807	100001473	100010855	100001537	100000336	100000880	100060712	100000733	100000338	100001970	100012464	100020171	100001984	100055029	100157812	100001664	100003594	100000104	100072320	100096356	100005294	100016586	100000928	100002786	100099060	100101885	100068695	100002404	100003342	100002932	100063770	100004133	100001966	100000769	100001962	100014742	100002103	100061338	100001535	100001249	100037197	100022523	100012360	100001509	100000920	100003034	100001033	100002926	100001013	100001008	100031825	100143568	100006632	100001846	100000580	100001849	100007972	100001048	100040390	100020682	100009150	100000566	100000863	100046081	100064246	100012646	100093004	100106703	100002729	100133704	100002487	100001602	100053878	100010002	100032899	100000558	100001096	100008512	100001584	100055016	100047136	100152535	100002944	100002978	100012737	100017455	100057745	100001330	100002719	100139723	100000607	100040351	100131342	100002165	100003041	100001074	100014501	100047037	100001488	100127120	100011280	100003271	100100058	100054903	100091888	100000139	100077199	100142412	100000182	100060433	100125523	100001107	100004218	100012206	100011573	100002993	100051716	100002412	100000142	100001318	100080627	100003580	100002677	100000704	100007427	100001813	100003274	100003749	100142531	100002688	100041229	100000138	100042942	100002161	100001852	100019551	100009357	100158458	100006692	100001139	100003316	100108641	100153746	100000211	100060732	100065528	100000790	100041118	100002687	100081606	100001319	100121598	100056078	100001996	100053945	100149206	100155226	100003027	100135122	100092329	100140844	100002402	100040810	100000773	100000129	100157764	100001069	100140965	100031167	100057067	100212814	100034246	100000530	100011572	100007235	100001171	100011413	100106858	100000844	100015108	100002652	100034253	100011408	100001624	100034092	100018155	100149088	100002934	100045536	100002448	100001028	100003596	100002204	100002907	100002868	100002878	100003386	100000698	100009698	100001250	100001658	100000619	100096718	100057089	100064176	100000701	100002843	100002542	100000354	100017436	100011186	100003334	100096817	100002418	100000945	100005714	100005519	100019080	100069634	100002378	100071880	100010450	100002423	100000116	100099248	100001667	100031024	100002977	100000959	100103368	100000544	100002973	100002636	100002745	100000697	100000795	100002967	100006832	100001476	100214280	100009662	100001728	100002883	100011615	100002070	100056633	100000996	100001625	100005316	100002909	100010641	100001557	100000641	100065165	100045141	100000334	100003069	100001269	100001113	100055023	100017074	100000812	100000140	100020300	100020260	100001879	100054712
tss_workgroups_d.sub_region_key	9432	5440	9619	2105	9321	9061	5394	421	205	6174	4811	1697	9189	8194	9580	2888	1054	6800	9425	5575	401	9195	1710	3529	9182	9193	3487	44	9600	9736	1655	3426	4430	7135	9100	1424	9693	411	9725	491	9057	9247	1676	1992	1759	9056	6975	311	9547	9377	2746	620	1896	1950	2100	6843	9395	446	9434	75	2554	9302	9783	481	183	373	584	1194	1389	3086	1470	9079	9034	9233	2190	9191	487	9790	639	564	313	2039	7874	2029	1691	6388	9805	9538	239	33	3128	6842	673	9201	1200	1600	2218	9751	1907	9727	9218	276	9732	467	4350	872	203	2272	4431	646	1540	2137	9426	1450	1560	1653	2468	2266	30	146	2159	3667	9467	6	510	9308	1761	1683	2183	4112	9602	1725	1991	432	647	1738	1722	506	1727	1688	9707	1469	9334	9820	69	4109	1838	9610	1620	1880	9044	1962	3148	479	1474	2687	4831	1762	175	1952	1902	9387	9362	6823	7614	1636	1704	9533	4874	417	9124	9712	6974	9400	1586	9237	387	216	2057	9719	695	9068	9684	1420	1743	9204	9633	9709	4755	5256	6390	9235	189	9545	658	118	9074	7898	553	9679	559	9430	5674	2806	6776	9257	126	364	5152	1615	193	1663	579	8996	7674	2562	1771	9506	1876	293	9314	2552	4652	1726	5255	9808	2090	9276	2235	7216	9591	5659	9458	1501	1633	1747	63	2094	9240	9269	9047	43	1183	9804	1877	9372	270	1904	5514	1564	9206	5257	1464	9120	625	9444	2221	1661	6802	1913	852	4630	4114	444	9348	9789	2149	1558	1705	9230	2213	7340	7374	1989	9089	130	1392	9408	1557	1906	1932	2062	6914	9584	1133	1374	3807	2088	153	2197	1454	483	1593	2030	2048	874	1472	505	1482	332	227	9513	1849	618	255	1384	8215	1579	1367	9590	1432	2812	4633	6817	2161	8414	4369	4228	4954	8114	9040	5914	9422	2168	6675	9702	6236	2142	9612	6034	79	1444	282	7294	2145	9141	4349	9127	6718	1891	9327	3407	221	6416	683	1553	1534	9038	9272	7934	1418	1881	9396	2022	2112	8335	6897	1182	9024	328	9332	2558	4851	2271	2571	9491	6296	2065	6316	6385	3066	9739	3288	5535	9639	9690	5435	9366	597	1714	8434	4148	1861	610	87	309	9603	1715	9291	6579	1556	219	9051	9119	6326	2848	9331	5455	6702	31	9277	7334	9375	72	6057	442	458	8474	490	5132	2227	2467	9531	351	358	1517	9792	8715	9390	9178	1920	1395	1055	5599	503	108	24	9767	430	105	2053	9571	2230	9662	6295	9692	9495	2212	4171	9627	8754	1174	438	9412	6381	7574	1889	1740	9673	2017	2092	9045	2087	2151	1648	9597	9481	9137	7495	2136	1539	1869	596	9160	1567	9624	5694	8054	9021	9507	450	9125	6136	1468	9017	2299	4610	7834	6818	1783	1789	9823	2	2101	1687	1905	9701	9026	1437	9319	2565	1919	6035	526	1201	2003	9333	2706	6134	2551	9168	9280	2189	9211	8014	1805	2164	529	310	9203	1614	2211	9592	9304	84	9416	9202	4348	1923	6826	335	1864	649	269	547	1442	3528	6824	681	3688	4952	398	1412	9807	1723	4210	9442	245	2359	9635	9121	3186	9511	9105	370	9474	1977	9200	45	1974	2384	2423	143	707	6534	1596	124	4791	2031	8334	5539	7455	1	22	390	9090	2242	602	2175	5155	7254	555	8234	199	439	272	2041	5756	4632	6014	6809	117	9215	464	9742	2203	1767	4771	100	9433	3486	9469	42	9803	375	5834	324	9212	9670	6796	1929	7776	1899	1986	4212	9681	1483	1471	1526	6822	201	209	1640	9177	9268	295	1968	2114	9264	570	1490	1887	7015	2113	6391	9785	1763	4469	1638	9763	513	5054	617	1597	1645	7094	7335	12	1578	190	1467	5814	4812	9371	342	1965	1976	393	217	1382	7575	237	4169	1716	9588	1934	9261	9710	635	2077	9466	1378	9032	9231	4409	321	1361	2182	8697	9112	157	382	2546	9165	687	3691	6717	701	9126	8674	1380	1537	6379	3167	9724	9738	1744	2020	9700	8	9567	1673	9221	9164	5235	80	1914	277	6821	9049	2196	9468	119	9447	9122	9527	9454	1779	588	4174	7	9351	8794	1213	1511	533	2104	1032	1812	1860	6475	4953	3409	1708	9824	9185	7434	318	2241	6654	48	1667	2025	2093	9413	2889	6674	1563	9621	511	3666	188	652	4753	6321	81	7914	609	619	9598	1819	6239	6699	6894	1059	6777	5454	2091	6813	1529	1343	1533	5614	194	86	1917	256	1363	9054	6806	345	9565	9341	9250	7594	9643	172	541	1719	1060	9608	9696	125	91	128	9680	1730	394	5414	77	2148	2786	1515	9604	9462	350	3467	1947	9117	9640	3	1996	3406	2365	1619	231	2166	3646	9300	2162	213	431	3206	248	9281	9409	1542	1872	1852	1430	1061	9301	137	131	3174	127	2553	6094	9188	9606	4854	9550	2004	476	8094	9512	1487	6838	8476	2191	6324	238	9170	9622	290	9133	7376	9241	6819	1998	1477	3767	8634	2228	123	7774	1497	9435	1176	8534	1388	5654	5154	516	2016	1776	9548	9650	361	703	9208	1951	229	116	2360	9796	9228	5954	1605	8074	1554	2264	2276	7314	1180	9525	1818	1982	2233	4153	9594	257	135	2556	2042	9665	8734	4932	9806	5735	2001	9734	9179	4429	1438	264	6697	1375	1865	1573	1957	514	8035	94	6694	873	1734	9826	991	6812	2163	9363	9405	2160	47	6695	663	15	304	9613	2278	1884	306	651	3747	528	631	2274	1944	9274	6315	162	9749	297	9173	1598	412	285	1500	1659	4549	5377	578	1792	2506	9768	9407	9717	4892	9595	2268	97	654	9515	1750	5092	6380	1875	2560	340	2887	9637	9557	2559	9761	8395	9528	422	5437	2169	9740	9338	2947	7901	2069	9295	2214	9720	2089	1910	1538	6834	519	5598	1885	9632	8374	6577	1445	9373	9166	9260	9716	7075	6574	9638	9290	419	1802	372	2367	1507	1751	9530	6194	181	2167	621	626	1473	2813	6319	9735	6804	611	98	1949	9614	9461	2141	4211	1946	9223	9134	1451	1401	96	389	2568	1033	3166	2061	3969	222	498	1376	9759	41	9361	8834	7734	9219	9647	253	1935	261	1694	6054	74	2005	1113	1462	3126	2666	3446	9439	1857	2224	424	397	166	1508	9516	9666	23	9	1202	1942	9556	2047	1528	561	9042	1958	9611	434	1808	2277	377	9368	179	1552	271	4911	605	2201	2550	9452	9303	1964	1742	9520	3507	6056	1967	455	1410	1480	3413	9596	9388	4631	1443	2150	9064	6808	9027	9226	671	9573	1757	5274	8555	9536	1785	535	2096	9686	1981	1627	9514	9496	1644	3687	471	9025	1398	583	9187	1786	445	307	9309	1897	287	461	1908	3246	1775	532	1844	2273	2487	1699	9093	8375	9672	141	3346	338	177	3266	6595	9050	571	2172	7215	9754	1606	5738	9431	9483	192	9718	473	2158	4671	1909	70	9058	7794	106	1595	1724	9298	9410	1879	9411	499	1867	6323	9659	9294	2073	616	1342	4972	1955	1995	140	3146	1961	1871	5854	2279	9699	1769	603	182	9316	580	441	9423	9155	8396	249	9113	1314	1928	6389	9569	5012	158	258	9760	466	1355	2194	9831	144	674	1365	636	9030	8154	9258	9378	1543	1811	697	8034	388	1056	1847	9529	6840	2564	496	9787	6314	3788	51	2070	2178	2143	9358	615	460	641	4390	9660	9437	9623	7217	1360	9668	9060	9159	6154	6778	9035	7895	7494	1973	7974	3668	1912	7194	8717	9339	4712	1900	9788	2366	2015	2034	9743	9072	356	477	9782	2132	1709	1972	298	9330	7114	8475	1829	3526	9440	672	5536	1559	791	1814	6114	770	5058	9542	4754	9123	1780	474	2200	660	9114	9559	1561	1434	6799	107	7154	7276	1824	374	3287	1576	120	1970	3130	1581	9354	9069	9022	1345	178	9296	1833	9243	9574	211	1525	6494	5056	7454	7054	1481	4188	3147	2726	9521	3149	2232	9238	9386	1181	133	1939	2010	54	544	73	9593	453	173	1868	2364	932	8294	6382	278	1510	1368	1479	3289	9671	682	9167	9815	413	5376	1956	1458	4209	2133	2425	9620	2165	9560	4048	93	2771	379	1702	2402	1990	1362	691	4168	3466	6934	9315	1390	9055	9392	9601	9819	1791	9140	6696	138	5214	1670	4414	1177	1547	6387	3686	1031	9799	2000	3067	9708	1516	1364	2046	1756	1387	6176	3987	1820	2007	9205	2176	9765	1356	6994	148	698	6698	1425	9220	5355	9438	9356	9345	9199	1476	8494	28	4891	9046	9730	429	1612	82	971	1577	1405	1854	9758	9504	88	2109	1848	4067	4711	2184	2231	13	9472	524	1617	4658	4912	569	1733	1959	9111	530	3171	155	1366	1924	1843	3173	606	1456	9236	9239	5555	5053	1091	1460	414	9364	9118	3887	6375	9391	9589	9786	1695	1888	8654	562	525	1866	624	1666	9488	1662	2052	1707	6554	9801	463	1741	8214	367	365	1357	5657	9420	427	9091	1874	9490	9171	9136	3207	2192	1850	9259	170	5934	9654	1855	2018	9821	2117	9196	9106	8814	1729	1630	4872	2205	3506	1794	16	9251	1448	1737	1810	1978	9630	9748	8574	2068	8274	9652	1918	349	9834	6575	7375	1712	6514	520	1718	451	518	2072	2080	1654	9088	9582	19	2050	9685	3689	9427	279	9108	251	1994	4570	1746	1407	2234	2361	9317	2362	5439	5600	1536	9138	1588	684	38	9615	2267	1566	186	1334	1658	1921	1984	6798	9618	46	9150	521	9225	1404	1436	632	9328	4027	4731	527	4108	6801	9065	2038	7176	2083	9518	341	191	3028	312	9825	8594	288	2139	9645	376	2466	1592	7414	1383	9163	2209	243	208	6811	9607	4070	9244	1340	9324	9443	2170	9605	1766	8175	1489	2906	2002	9688	1426	1433	1890	3412	2240	9532	247	9489	457	9703	9376	9579	4151	9147	164	9446	2300	9697	9094	284	9774	3907	4248	512	9424	9222	1569	2827	1196	3415	9107	1493	8174	83	121	325	9162	1735	8774	9129	9694	6815	3586	1831	686	110	4150	1681	1629	37	2220	385	1421	494	9677	9563	3046	5374	675	1987	2076	6435	2229	2886	9778	9421	676	9502	1685	11	9729	3546	9255	5737	305	259	4873	9346	9273	8454	1294	2019	5055	59	1492	629	1732	9695	489	5354	9213	9099	9110	9445	630	2078	7219	1774	1502	9775	568	1524	9224	9494	2646	3006	590	25	281	240	699	1915	9818	2044	447	3789	4432	9828	9232	1677	3172	169	9075	645	1931	2926	2153	196	145	1422	653	1671	61	400	1589	2569	2768	1339	677	1379	1546	197	613	1428	598	9076	433	9020	103	3168	7338	1582	220	265	1646	9270	1836	6578	7900	1925	6805	2275	5836	250	2074	348	604	1721	1938	2014	9485	391	5634	689	9318	2116	6254	9609	9109	1656	56	2225	2037	2110	4288	9369	7994	352	139	1753	2363	407	9484	9777	9772	771	1948	9041	2095	9683	9752	6779	1452	6075	435	9745	1682	9210	1634	1739	5456	9344	548	7796	18	1274	9349	9617	2766	832	9682	1668	1173	1453	3968	6836	656	425	9288	3626	9477	366	9156	6318	114	2107	1856	344	1071	9705	9564	6135	9509	9587	592	9460	6434	1798	2907	667	1839	655	9227	9292	316	9498	642	6715	2063	9577	7897	2808	1193	9455	6415	224	1575	4655	9192	1971	9553	1797	7175	1711	1628	378	472	546	296	3606	6354	690	9115	4328	9766	4713	6374	292	9130	1892	9157	1823	1503	2135	235	1669	3489	9359	9287	9245	2157	9097	3286	587	644	891	9087	6714	9048	2847	5815	501	1512	168	92	9310	4049	9172	5540	6436	6274	9279	640	9636	7220	2767	6235	497	2032	362	1092	1840	2059	7274	9480	64	7814	1466	9827	6780	3169	728	9214	1813	4208	1562	6614	1657	212	6635	6074	3690	5541	156	7795	8254	1336	1816	9562	1609	2809	2055	6899	9343	2966	9365	1495	9497	9476	4410	657	1594	8716	4172	1052	9019	2140	1963	1254	540	252	582	9289	1980	702	159	1399	1580	9537	7034	557	9401	9449	9456	90	319	5837	1587	167	1999	5275	5975	402	1911	1607	17	1583	9723	3106	2054	2097	9299	2071	2099	9478	234	9285	1631	151	9771	448	4	8354	1859	5915	1790	522	184	601	1680	7775	486	228	504	1198	2548	1650	3527	9802	6320	171	2033	1922	9311	5057	9800	244	9780	1429	9284	1568	871	289	2043	9795	1475	9551	1570	1199	5594	9687	2098	1549	5714	1765	3129	3727	8934	2446	1590	2222	9776	1825	2219	1943	65	2075	1624	136	9335	9086	396	9181	2319	3306	2119	7343	685	317	1618	523	9347	4510	9145	500	1135	2045	9669	2102	9023	1821	152	1832	2547	8614	404	9471	1446	2826	6874	1684	1834	5474	274	9262	6234	40	2223	627	1686	1520	2204	5538	406	380	9493	174	7395	600	286	426	9479	9153	2810	5996	392	1903	1752	706	1235	1411	2027	9779	3847	1672	4413	223	6803	7218	1555	1894	9770	1449	488	628	1639	577	1574	300	1941	254	7394	302	2147	9833	9207	2627	2269	4751	68	670	8714	6238	475	509	9031	4170	2056	1341	4412	2563	129	9552	9383	694	4509	692	9320	9470	7355	6383	1803	35	599	111	218	2086	5734	1572	2369	1851	7214	2382	7344	1179	9144	9555	6810	2085	2152	1647	2049	134	7275	1372	2828	9457	5754	1544	6797	9539	176	6816	9628	2383	9103	60	9249	1369	1997	9463	2239	21	207	643	9728	9811	9714	6700	1621	9663	1837	9307	2108	9381	266	1966	5494	3488	9384	2686	9081	7554	6794	9549	9271	465	1616	1608	2155	1954	55	5434	9832	6177	6327	67	9450	4853	517	1835	246	8894	478	1337	1700	9154	1800	1675	2188	9265	9482	9814	1400	5736	9487	9036	1338	1706	9583	3367	4659	9242	1419	3326	4852	1484	1463	2263	648	638	9642	9176	9397	1377	354	395	2103	2146	147	263	536	9252	2058	161	1393	1550	9769	95	1396	539	5	678	4656	6576	50	1828	9085	661	6835	542	1799	99	384	9793	2129	76	215	1403	4660	9503	383	9570	163	574	9175	7337	280	436	2023	5375	5835	1591	2567	2829	4651	1641	6734	9135	2131	591	9744	5656	8694	1402	6328	608	1414	1960	1601	2206	9722	705	9791	1643	9706	534	336	113	1787	1770	9077	9599	420	53	9102	1635	8696	9096	9083	104	9070	3027	2156	7345	730	2180	1895	2124	9278	9326	2237	1703	9459	4309	556	49	9148	3787	1602	545	9651	26	9367	2082	6555	7754	9098	9561	9174	9704	9095	2667	456	1509	9197	357	9360	149	6701	9101	3947	8974	5994	7342	5254	9186	1937	9398	1504	2122	4670	2626	9517	7315	4113	9813	576	4653	5995	9626	85	459	4069	9746	1335	666	2967	468	831	911	9453	9753	9473	371	6915	347	1717	1423	1527	355	1175	122	1758	6634	346	9794	71	1665	2008	9830	2144	1936	1058	1713	89	320	226	1768	9741	688	9184	2770	9382	57	9429	1513	2187	428	195	2606	260	538	1827	2186	7694	1234	1585	9142	9216	1927	2026	2111	3967	9629	9256	9217	2173	1439	9648	9762	299	8675	2557	8514	1993	1447	9822	6841	1359	1846	5438	3706	6414	206	6594	2339	1440	9816	1642	4007	1514	1541	9286	492	5794	9586	4411	9253	14	2154	9711	7896	1134	612	2181	9082	423	6896	6814	1494	9337	3530	9661	8394	9183	2064	8554	109	6325	52	1754	662	9625	552	9631	4871	1394	9419	1841	6386	9798	1678	1623	322	6820	2179	1985	1755	709	5574	5874	7634	409	9535	669	6839	416	6954	4173	334	5894	1698	2123	3927	9394	9505	1408	4449	9370	1882	5774	3226	301	4268	2060	9293	811	1344	1873	4152	1720	4470	5334	9541	1521	704	327	665	575	4690	2814	543	6716	9059	142	2009	567	3531	1930	443	589	3827	9263	9149	4714	9644	1457	1692	2024	1795	6329	6377	9698	9415	1459	32	9323	5695	614	1637	9465	2507	369	462	1386	202	792	2424	9161	9234	3414	2120	1696	7474	1842	1817	4590	9756	3908	480	1807	230	66	2561	9675	9158	1371	3127	9523	508	1461	1898	9151	9674	2198	9747	8135	2066	2174	3026	4654	9731	7615	9131	4308	1551	495	9146	1764	2404	1506	3068	851	9572	5775	680	9678	1731	1604	9313	2526	2216	1660	2079	102	622	1788	550	9812	9817	9282	1975	27	9194	9340	9053	2202	7014	9581	8134	308	1793	29	2849	6294	1571	343	9829	9634	9441	273	2946	1486	594	329	9406	2118	2067	2270	4389	2036	452	9524	8854	353	1599	1693	267	2948	9267	9784	1416	9385	2236	326	6795	1491	7894	10	565	4088	750	482	4489	242	2846	323	9689	9691	668	2486	9380	1391	1413	1853	7354	8376	3411	1610	502	9499	2426	9558	1883	9043	9428	150	3410	9403	9554	6580	9715	9152	1427	507	9436	1969	7854	9540	1778	9404	303	9073	1777	9664	4550	2013	4752	1465	4087	1441	1093	1782	1863	2193	2566	9143	9733	1690	2035	9575	9029	5534	8995	2125	7714	1370	9067	2215	9475	2403	5595	333	2011	4529	9039	437	1611	1178	315	381	1358	2866	1749	1011	6317	9543	1878	554	204	1728	2265	9139	9750	291	1518	132	9492	1772	4110	3427	9071	537	1745	1886	1195	708	9519	1862	9544	5032	1826	6754	1498	268	2226	4650	650	5052	560	9092	4149	585	1053	1781	729	4128	1893	1373	700	1979	3867	7654	9576	931	9399	607	2021	7234	3087	5974	549	440	637	1689	6055	1485	9781	9649	7134	115	7899	5596	4111	5072	7174	9757	9078	9283	2208	3707	2262	6378	951	9566	1945	236	9062	9578	5314	275	154	262	363	6898	693	1478	1613	8954	200	5655	566	2217	6837	623	1806	9266	9585	9451	2115	9393	6214	531	9508	6384	933	1505	9322	9501	1983	1548	9526	581	1926	558	20	1417	360	8914	9116	1214	5597	1748	1664	2570	1625	2006	2138	679	5537	7016	9028	5073	572	5294	6774	4657	9546	9248	1354	112	314	403	1632	6854	6334	2130	6394	1523	9037	9655	1197	1409	2106	5153	1051	2586	1701	9275	8874	696	9389	9658	9534	6175	1397	1431	9656	8994	9325	9764	9352	1455	9773	2121	6474	9379	9464	9080	283	2177	493	3088	2210	2171	1565	6454	515	449	6237	2051	330	1626	2549	8695	551	9657	1519	9448	2195	2207	9355	3566	1499	9809	9350	1488	9305	294	1815	1858	1953	1530	6825	9254	1801	9229	408	573	586	9357	1652	5554	9312	9342	1315	2573	9180	1784	470	9033	405	9063	9810	9500	6895	7514	9190	9353	1545	185	9417	9016	9616	9726	9510	359	9306	232	9209	160	664	1649	1415	2028	9568	1804	418	9737	7074	214	1496	9641	2238	5436	4071	337	198	225	7534	2368	9297	241	3366	1870	1845	563	9104	2040	39	6775	595	9797	165	2769	1796	187	233	1809	1822	2572	659	5174	5935	3408	9198	6376	7339	2127	1736	386	9667	3386	6437	634	7336	9522	62	2811	9336	633	1057	2128	2199	4992	2949	5194	484	1773	9653	1830	4710	1603	1535	2986	2012	210	331	2081	6807	368	1760	78	2084	5234	415	9414	399	1916	5542	9066	6322	5875	5755	34	9246	7341	1584	485	1988	1406	9721	9676	1901	2807	1674	2134	1153	5658	9402	593	1385	9418	410	7954	1622	1679	9169	9329	9052	101	8314	9374	36	9018	6178	1435	454	1531	2126	58	3170	9713	1933	875	2647	9486	5112	4047	4068	9755	2555	9646	469	9128	9132	1532	1651	339	4154	9084	1522	2185	180	1940	1381
tss_workgroups_d.theater_key	9432	5440	9619	2105	9321	9061	5394	421	205	6174	4811	1697	9189	8194	9580	2888	1054	6800	9425	5575	401	9195	1710	3529	9182	9193	3487	44	9600	9736	1655	3426	4430	7135	9100	1424	9693	411	9725	491	9057	9247	1676	1992	1759	9056	6975	311	9547	9377	2746	620	1896	1950	2100	6843	9395	446	9434	75	2554	9302	9783	481	183	373	584	1194	1389	3086	1470	9079	9034	9233	2190	9191	487	9790	639	564	313	2039	7874	2029	1691	6388	9805	9538	239	33	3128	6842	673	9201	1200	1600	2218	9751	1907	9727	9218	276	9732	467	4350	872	203	2272	4431	646	1540	2137	9426	1450	1560	1653	2468	2266	30	146	2159	3667	9467	6	510	9308	1761	1683	2183	4112	9602	1725	1991	432	647	1738	1722	506	1727	1688	9707	1469	9334	9820	69	4109	1838	9610	1620	1880	9044	1962	3148	479	1474	2687	4831	1762	175	1952	1902	9387	9362	6823	7614	1636	1704	9533	4874	417	9124	9712	6974	9400	1586	9237	387	216	2057	9719	695	9068	9684	1420	1743	9204	9633	9709	4755	5256	6390	9235	189	9545	658	118	9074	7898	553	9679	559	9430	5674	2806	6776	9257	126	364	5152	1615	193	1663	579	8996	7674	2562	1771	9506	1876	293	9314	2552	4652	1726	5255	9808	2090	9276	2235	7216	9591	5659	9458	1501	1633	1747	63	2094	9240	9269	9047	43	1183	9804	1877	9372	270	1904	5514	1564	9206	5257	1464	9120	625	9444	2221	1661	6802	1913	852	4630	4114	444	9348	9789	2149	1558	1705	9230	2213	7340	7374	1989	9089	130	1392	9408	1557	1906	1932	2062	6914	9584	1133	1374	3807	2088	153	2197	1454	483	1593	2030	2048	874	1472	505	1482	332	227	9513	1849	618	255	1384	8215	1579	1367	9590	1432	2812	4633	6817	2161	8414	4369	4228	4954	8114	9040	5914	9422	2168	6675	9702	6236	2142	9612	6034	79	1444	282	7294	2145	9141	4349	9127	6718	1891	9327	3407	221	6416	683	1553	1534	9038	9272	7934	1418	1881	9396	2022	2112	8335	6897	1182	9024	328	9332	2558	4851	2271	2571	9491	6296	2065	6316	6385	3066	9739	3288	5535	9639	9690	5435	9366	597	1714	8434	4148	1861	610	87	309	9603	1715	9291	6579	1556	219	9051	9119	6326	2848	9331	5455	6702	31	9277	7334	9375	72	6057	442	458	8474	490	5132	2227	2467	9531	351	358	1517	9792	8715	9390	9178	1920	1395	1055	5599	503	108	24	9767	430	105	2053	9571	2230	9662	6295	9692	9495	2212	4171	9627	8754	1174	438	9412	6381	7574	1889	1740	9673	2017	2092	9045	2087	2151	1648	9597	9481	9137	7495	2136	1539	1869	596	9160	1567	9624	5694	8054	9021	9507	450	9125	6136	1468	9017	2299	4610	7834	6818	1783	1789	9823	2	2101	1687	1905	9701	9026	1437	9319	2565	1919	6035	526	1201	2003	9333	2706	6134	2551	9168	9280	2189	9211	8014	1805	2164	529	310	9203	1614	2211	9592	9304	84	9416	9202	4348	1923	6826	335	1864	649	269	547	1442	3528	6824	681	3688	4952	398	1412	9807	1723	4210	9442	245	2359	9635	9121	3186	9511	9105	370	9474	1977	9200	45	1974	2384	2423	143	707	6534	1596	124	4791	2031	8334	5539	7455	1	22	390	9090	2242	602	2175	5155	7254	555	8234	199	439	272	2041	5756	4632	6014	6809	117	9215	464	9742	2203	1767	4771	100	9433	3486	9469	42	9803	375	5834	324	9212	9670	6796	1929	7776	1899	1986	4212	9681	1483	1471	1526	6822	201	209	1640	9177	9268	295	1968	2114	9264	570	1490	1887	7015	2113	6391	9785	1763	4469	1638	9763	513	5054	617	1597	1645	7094	7335	12	1578	190	1467	5814	4812	9371	342	1965	1976	393	217	1382	7575	237	4169	1716	9588	1934	9261	9710	635	2077	9466	1378	9032	9231	4409	321	1361	2182	8697	9112	157	382	2546	9165	687	3691	6717	701	9126	8674	1380	1537	6379	3167	9724	9738	1744	2020	9700	8	9567	1673	9221	9164	5235	80	1914	277	6821	9049	2196	9468	119	9447	9122	9527	9454	1779	588	4174	7	9351	8794	1213	1511	533	2104	1032	1812	1860	6475	4953	3409	1708	9824	9185	7434	318	2241	6654	48	1667	2025	2093	9413	2889	6674	1563	9621	511	3666	188	652	4753	6321	81	7914	609	619	9598	1819	6239	6699	6894	1059	6777	5454	2091	6813	1529	1343	1533	5614	194	86	1917	256	1363	9054	6806	345	9565	9341	9250	7594	9643	172	541	1719	1060	9608	9696	125	91	128	9680	1730	394	5414	77	2148	2786	1515	9604	9462	350	3467	1947	9117	9640	3	1996	3406	2365	1619	231	2166	3646	9300	2162	213	431	3206	248	9281	9409	1542	1872	1852	1430	1061	9301	137	131	3174	127	2553	6094	9188	9606	4854	9550	2004	476	8094	9512	1487	6838	8476	2191	6324	238	9170	9622	290	9133	7376	9241	6819	1998	1477	3767	8634	2228	123	7774	1497	9435	1176	8534	1388	5654	5154	516	2016	1776	9548	9650	361	703	9208	1951	229	116	2360	9796	9228	5954	1605	8074	1554	2264	2276	7314	1180	9525	1818	1982	2233	4153	9594	257	135	2556	2042	9665	8734	4932	9806	5735	2001	9734	9179	4429	1438	264	6697	1375	1865	1573	1957	514	8035	94	6694	873	1734	9826	991	6812	2163	9363	9405	2160	47	6695	663	15	304	9613	2278	1884	306	651	3747	528	631	2274	1944	9274	6315	162	9749	297	9173	1598	412	285	1500	1659	4549	5377	578	1792	2506	9768	9407	9717	4892	9595	2268	97	654	9515	1750	5092	6380	1875	2560	340	2887	9637	9557	2559	9761	8395	9528	422	5437	2169	9740	9338	2947	7901	2069	9295	2214	9720	2089	1910	1538	6834	519	5598	1885	9632	8374	6577	1445	9373	9166	9260	9716	7075	6574	9638	9290	419	1802	372	2367	1507	1751	9530	6194	181	2167	621	626	1473	2813	6319	9735	6804	611	98	1949	9614	9461	2141	4211	1946	9223	9134	1451	1401	96	389	2568	1033	3166	2061	3969	222	498	1376	9759	41	9361	8834	7734	9219	9647	253	1935	261	1694	6054	74	2005	1113	1462	3126	2666	3446	9439	1857	2224	424	397	166	1508	9516	9666	23	9	1202	1942	9556	2047	1528	561	9042	1958	9611	434	1808	2277	377	9368	179	1552	271	4911	605	2201	2550	9452	9303	1964	1742	9520	3507	6056	1967	455	1410	1480	3413	9596	9388	4631	1443	2150	9064	6808	9027	9226	671	9573	1757	5274	8555	9536	1785	535	2096	9686	1981	1627	9514	9496	1644	3687	471	9025	1398	583	9187	1786	445	307	9309	1897	287	461	1908	3246	1775	532	1844	2273	2487	1699	9093	8375	9672	141	3346	338	177	3266	6595	9050	571	2172	7215	9754	1606	5738	9431	9483	192	9718	473	2158	4671	1909	70	9058	7794	106	1595	1724	9298	9410	1879	9411	499	1867	6323	9659	9294	2073	616	1342	4972	1955	1995	140	3146	1961	1871	5854	2279	9699	1769	603	182	9316	580	441	9423	9155	8396	249	9113	1314	1928	6389	9569	5012	158	258	9760	466	1355	2194	9831	144	674	1365	636	9030	8154	9258	9378	1543	1811	697	8034	388	1056	1847	9529	6840	2564	496	9787	6314	3788	51	2070	2178	2143	9358	615	460	641	4390	9660	9437	9623	7217	1360	9668	9060	9159	6154	6778	9035	7895	7494	1973	7974	3668	1912	7194	8717	9339	4712	1900	9788	2366	2015	2034	9743	9072	356	477	9782	2132	1709	1972	298	9330	7114	8475	1829	3526	9440	672	5536	1559	791	1814	6114	770	5058	9542	4754	9123	1780	474	2200	660	9114	9559	1561	1434	6799	107	7154	7276	1824	374	3287	1576	120	1970	3130	1581	9354	9069	9022	1345	178	9296	1833	9243	9574	211	1525	6494	5056	7454	7054	1481	4188	3147	2726	9521	3149	2232	9238	9386	1181	133	1939	2010	54	544	73	9593	453	173	1868	2364	932	8294	6382	278	1510	1368	1479	3289	9671	682	9167	9815	413	5376	1956	1458	4209	2133	2425	9620	2165	9560	4048	93	2771	379	1702	2402	1990	1362	691	4168	3466	6934	9315	1390	9055	9392	9601	9819	1791	9140	6696	138	5214	1670	4414	1177	1547	6387	3686	1031	9799	2000	3067	9708	1516	1364	2046	1756	1387	6176	3987	1820	2007	9205	2176	9765	1356	6994	148	698	6698	1425	9220	5355	9438	9356	9345	9199	1476	8494	28	4891	9046	9730	429	1612	82	971	1577	1405	1854	9758	9504	88	2109	1848	4067	4711	2184	2231	13	9472	524	1617	4658	4912	569	1733	1959	9111	530	3171	155	1366	1924	1843	3173	606	1456	9236	9239	5555	5053	1091	1460	414	9364	9118	3887	6375	9391	9589	9786	1695	1888	8654	562	525	1866	624	1666	9488	1662	2052	1707	6554	9801	463	1741	8214	367	365	1357	5657	9420	427	9091	1874	9490	9171	9136	3207	2192	1850	9259	170	5934	9654	1855	2018	9821	2117	9196	9106	8814	1729	1630	4872	2205	3506	1794	16	9251	1448	1737	1810	1978	9630	9748	8574	2068	8274	9652	1918	349	9834	6575	7375	1712	6514	520	1718	451	518	2072	2080	1654	9088	9582	19	2050	9685	3689	9427	279	9108	251	1994	4570	1746	1407	2234	2361	9317	2362	5439	5600	1536	9138	1588	684	38	9615	2267	1566	186	1334	1658	1921	1984	6798	9618	46	9150	521	9225	1404	1436	632	9328	4027	4731	527	4108	6801	9065	2038	7176	2083	9518	341	191	3028	312	9825	8594	288	2139	9645	376	2466	1592	7414	1383	9163	2209	243	208	6811	9607	4070	9244	1340	9324	9443	2170	9605	1766	8175	1489	2906	2002	9688	1426	1433	1890	3412	2240	9532	247	9489	457	9703	9376	9579	4151	9147	164	9446	2300	9697	9094	284	9774	3907	4248	512	9424	9222	1569	2827	1196	3415	9107	1493	8174	83	121	325	9162	1735	8774	9129	9694	6815	3586	1831	686	110	4150	1681	1629	37	2220	385	1421	494	9677	9563	3046	5374	675	1987	2076	6435	2229	2886	9778	9421	676	9502	1685	11	9729	3546	9255	5737	305	259	4873	9346	9273	8454	1294	2019	5055	59	1492	629	1732	9695	489	5354	9213	9099	9110	9445	630	2078	7219	1774	1502	9775	568	1524	9224	9494	2646	3006	590	25	281	240	699	1915	9818	2044	447	3789	4432	9828	9232	1677	3172	169	9075	645	1931	2926	2153	196	145	1422	653	1671	61	400	1589	2569	2768	1339	677	1379	1546	197	613	1428	598	9076	433	9020	103	3168	7338	1582	220	265	1646	9270	1836	6578	7900	1925	6805	2275	5836	250	2074	348	604	1721	1938	2014	9485	391	5634	689	9318	2116	6254	9609	9109	1656	56	2225	2037	2110	4288	9369	7994	352	139	1753	2363	407	9484	9777	9772	771	1948	9041	2095	9683	9752	6779	1452	6075	435	9745	1682	9210	1634	1739	5456	9344	548	7796	18	1274	9349	9617	2766	832	9682	1668	1173	1453	3968	6836	656	425	9288	3626	9477	366	9156	6318	114	2107	1856	344	1071	9705	9564	6135	9509	9587	592	9460	6434	1798	2907	667	1839	655	9227	9292	316	9498	642	6715	2063	9577	7897	2808	1193	9455	6415	224	1575	4655	9192	1971	9553	1797	7175	1711	1628	378	472	546	296	3606	6354	690	9115	4328	9766	4713	6374	292	9130	1892	9157	1823	1503	2135	235	1669	3489	9359	9287	9245	2157	9097	3286	587	644	891	9087	6714	9048	2847	5815	501	1512	168	92	9310	4049	9172	5540	6436	6274	9279	640	9636	7220	2767	6235	497	2032	362	1092	1840	2059	7274	9480	64	7814	1466	9827	6780	3169	728	9214	1813	4208	1562	6614	1657	212	6635	6074	3690	5541	156	7795	8254	1336	1816	9562	1609	2809	2055	6899	9343	2966	9365	1495	9497	9476	4410	657	1594	8716	4172	1052	9019	2140	1963	1254	540	252	582	9289	1980	702	159	1399	1580	9537	7034	557	9401	9449	9456	90	319	5837	1587	167	1999	5275	5975	402	1911	1607	17	1583	9723	3106	2054	2097	9299	2071	2099	9478	234	9285	1631	151	9771	448	4	8354	1859	5915	1790	522	184	601	1680	7775	486	228	504	1198	2548	1650	3527	9802	6320	171	2033	1922	9311	5057	9800	244	9780	1429	9284	1568	871	289	2043	9795	1475	9551	1570	1199	5594	9687	2098	1549	5714	1765	3129	3727	8934	2446	1590	2222	9776	1825	2219	1943	65	2075	1624	136	9335	9086	396	9181	2319	3306	2119	7343	685	317	1618	523	9347	4510	9145	500	1135	2045	9669	2102	9023	1821	152	1832	2547	8614	404	9471	1446	2826	6874	1684	1834	5474	274	9262	6234	40	2223	627	1686	1520	2204	5538	406	380	9493	174	7395	600	286	426	9479	9153	2810	5996	392	1903	1752	706	1235	1411	2027	9779	3847	1672	4413	223	6803	7218	1555	1894	9770	1449	488	628	1639	577	1574	300	1941	254	7394	302	2147	9833	9207	2627	2269	4751	68	670	8714	6238	475	509	9031	4170	2056	1341	4412	2563	129	9552	9383	694	4509	692	9320	9470	7355	6383	1803	35	599	111	218	2086	5734	1572	2369	1851	7214	2382	7344	1179	9144	9555	6810	2085	2152	1647	2049	134	7275	1372	2828	9457	5754	1544	6797	9539	176	6816	9628	2383	9103	60	9249	1369	1997	9463	2239	21	207	643	9728	9811	9714	6700	1621	9663	1837	9307	2108	9381	266	1966	5494	3488	9384	2686	9081	7554	6794	9549	9271	465	1616	1608	2155	1954	55	5434	9832	6177	6327	67	9450	4853	517	1835	246	8894	478	1337	1700	9154	1800	1675	2188	9265	9482	9814	1400	5736	9487	9036	1338	1706	9583	3367	4659	9242	1419	3326	4852	1484	1463	2263	648	638	9642	9176	9397	1377	354	395	2103	2146	147	263	536	9252	2058	161	1393	1550	9769	95	1396	539	5	678	4656	6576	50	1828	9085	661	6835	542	1799	99	384	9793	2129	76	215	1403	4660	9503	383	9570	163	574	9175	7337	280	436	2023	5375	5835	1591	2567	2829	4651	1641	6734	9135	2131	591	9744	5656	8694	1402	6328	608	1414	1960	1601	2206	9722	705	9791	1643	9706	534	336	113	1787	1770	9077	9599	420	53	9102	1635	8696	9096	9083	104	9070	3027	2156	7345	730	2180	1895	2124	9278	9326	2237	1703	9459	4309	556	49	9148	3787	1602	545	9651	26	9367	2082	6555	7754	9098	9561	9174	9704	9095	2667	456	1509	9197	357	9360	149	6701	9101	3947	8974	5994	7342	5254	9186	1937	9398	1504	2122	4670	2626	9517	7315	4113	9813	576	4653	5995	9626	85	459	4069	9746	1335	666	2967	468	831	911	9453	9753	9473	371	6915	347	1717	1423	1527	355	1175	122	1758	6634	346	9794	71	1665	2008	9830	2144	1936	1058	1713	89	320	226	1768	9741	688	9184	2770	9382	57	9429	1513	2187	428	195	2606	260	538	1827	2186	7694	1234	1585	9142	9216	1927	2026	2111	3967	9629	9256	9217	2173	1439	9648	9762	299	8675	2557	8514	1993	1447	9822	6841	1359	1846	5438	3706	6414	206	6594	2339	1440	9816	1642	4007	1514	1541	9286	492	5794	9586	4411	9253	14	2154	9711	7896	1134	612	2181	9082	423	6896	6814	1494	9337	3530	9661	8394	9183	2064	8554	109	6325	52	1754	662	9625	552	9631	4871	1394	9419	1841	6386	9798	1678	1623	322	6820	2179	1985	1755	709	5574	5874	7634	409	9535	669	6839	416	6954	4173	334	5894	1698	2123	3927	9394	9505	1408	4449	9370	1882	5774	3226	301	4268	2060	9293	811	1344	1873	4152	1720	4470	5334	9541	1521	704	327	665	575	4690	2814	543	6716	9059	142	2009	567	3531	1930	443	589	3827	9263	9149	4714	9644	1457	1692	2024	1795	6329	6377	9698	9415	1459	32	9323	5695	614	1637	9465	2507	369	462	1386	202	792	2424	9161	9234	3414	2120	1696	7474	1842	1817	4590	9756	3908	480	1807	230	66	2561	9675	9158	1371	3127	9523	508	1461	1898	9151	9674	2198	9747	8135	2066	2174	3026	4654	9731	7615	9131	4308	1551	495	9146	1764	2404	1506	3068	851	9572	5775	680	9678	1731	1604	9313	2526	2216	1660	2079	102	622	1788	550	9812	9817	9282	1975	27	9194	9340	9053	2202	7014	9581	8134	308	1793	29	2849	6294	1571	343	9829	9634	9441	273	2946	1486	594	329	9406	2118	2067	2270	4389	2036	452	9524	8854	353	1599	1693	267	2948	9267	9784	1416	9385	2236	326	6795	1491	7894	10	565	4088	750	482	4489	242	2846	323	9689	9691	668	2486	9380	1391	1413	1853	7354	8376	3411	1610	502	9499	2426	9558	1883	9043	9428	150	3410	9403	9554	6580	9715	9152	1427	507	9436	1969	7854	9540	1778	9404	303	9073	1777	9664	4550	2013	4752	1465	4087	1441	1093	1782	1863	2193	2566	9143	9733	1690	2035	9575	9029	5534	8995	2125	7714	1370	9067	2215	9475	2403	5595	333	2011	4529	9039	437	1611	1178	315	381	1358	2866	1749	1011	6317	9543	1878	554	204	1728	2265	9139	9750	291	1518	132	9492	1772	4110	3427	9071	537	1745	1886	1195	708	9519	1862	9544	5032	1826	6754	1498	268	2226	4650	650	5052	560	9092	4149	585	1053	1781	729	4128	1893	1373	700	1979	3867	7654	9576	931	9399	607	2021	7234	3087	5974	549	440	637	1689	6055	1485	9781	9649	7134	115	7899	5596	4111	5072	7174	9757	9078	9283	2208	3707	2262	6378	951	9566	1945	236	9062	9578	5314	275	154	262	363	6898	693	1478	1613	8954	200	5655	566	2217	6837	623	1806	9266	9585	9451	2115	9393	6214	531	9508	6384	933	1505	9322	9501	1983	1548	9526	581	1926	558	20	1417	360	8914	9116	1214	5597	1748	1664	2570	1625	2006	2138	679	5537	7016	9028	5073	572	5294	6774	4657	9546	9248	1354	112	314	403	1632	6854	6334	2130	6394	1523	9037	9655	1197	1409	2106	5153	1051	2586	1701	9275	8874	696	9389	9658	9534	6175	1397	1431	9656	8994	9325	9764	9352	1455	9773	2121	6474	9379	9464	9080	283	2177	493	3088	2210	2171	1565	6454	515	449	6237	2051	330	1626	2549	8695	551	9657	1519	9448	2195	2207	9355	3566	1499	9809	9350	1488	9305	294	1815	1858	1953	1530	6825	9254	1801	9229	408	573	586	9357	1652	5554	9312	9342	1315	2573	9180	1784	470	9033	405	9063	9810	9500	6895	7514	9190	9353	1545	185	9417	9016	9616	9726	9510	359	9306	232	9209	160	664	1649	1415	2028	9568	1804	418	9737	7074	214	1496	9641	2238	5436	4071	337	198	225	7534	2368	9297	241	3366	1870	1845	563	9104	2040	39	6775	595	9797	165	2769	1796	187	233	1809	1822	2572	659	5174	5935	3408	9198	6376	7339	2127	1736	386	9667	3386	6437	634	7336	9522	62	2811	9336	633	1057	2128	2199	4992	2949	5194	484	1773	9653	1830	4710	1603	1535	2986	2012	210	331	2081	6807	368	1760	78	2084	5234	415	9414	399	1916	5542	9066	6322	5875	5755	34	9246	7341	1584	485	1988	1406	9721	9676	1901	2807	1674	2134	1153	5658	9402	593	1385	9418	410	7954	1622	1679	9169	9329	9052	101	8314	9374	36	9018	6178	1435	454	1531	2126	58	3170	9713	1933	875	2647	9486	5112	4047	4068	9755	2555	9646	469	9128	9132	1532	1651	339	4154	9084	1522	2185	180	1940	1381
tss_workgroups_d.created_by	94568	127826	230099462	120549	230072777	63359	230024418	87123	118718	39303	230003942	128979	31458	230262661	230125007	121159	136032	230104972	0	230090051	121773	230008140	110433
tss_workgroups_d.last_updated_by	26944	230158106	1902691176	126661	230174169	230024418	230264623	1902542734	230238005	115684	230030076	96682	128979	230135040	230218177	1902615189	1902602907	94086	117553	230004145	121159	230019432	1902610730	92597	230252459	46501	151573	123916	230104972	1902576379	121773	230008140	230223208	116734	110433	1902757097	230234724	230078606	107160	63359	120505	114230	230121532	230237477	106400	230122259	230195178	32811	230005346	1902552702	1902606767	1902710561	136032	0	128932	230212615	230298295	1902615162	230280547	1902786363	110951	230221119	1902766184	138875	230210259	1902576704	230122997	1902767267	230072777	107377	1902759618	1902766134	230285622	230251104	87123	1900000098	230230401	230207688	230172606	230003942	230278256	230298807	230262661	1902811897	1902763952	101163	1902770824	1902782091	117384	230125007	230138348	1902695323	230049236	1902614373	230236763	1902585655	1902790339	1902723347	138778	230225633	230210074	230055077	230264067	106639	230078936	230162781	1902724118	94568	230144263	230105440	230271356	127826	230099462	230257603	1902582783	1902649106	230124104	1902760125	230155249	230263182	230197416	118718	230224755	230027069	93066	31458	120656	230194362	125962	1902829869	1902710564	127103	122390	230005010	230135022	1902677949	230133542	230125082	230267734	1902541786	39307
tss_workgroups_d.bl_load_id	29332	33951	32412	33796	34731	33656	34449	34342	34688	15146	6148	2650	29816	34043	34840	32292	3657	34105	34199	2859	34610	19827	33740	25868	34304	29473	34322	15587	34644	34743	34822	34640	4133	33609	34764	33750	34429	34861	24659	34010	34399	34463	34784	30441	16047	34482	24015	33756	4175	33937	15887	33719	18138	20209	34817	7425	2805	30139	21980	34120	22100	34262	28305	24881	34479	12691	33657	14422	34281	16147	34455	18821	34083	22805	23349	28949	34855	34296	30501	34654	34271	34427	28002	23934	34251	2927	2861	28505	16750	34800	6859	33590	9717	21738	34835	34708	34715	34164	34773	16790	31909	5199	34600	103	33729	34127	33561	28063	19103	20049	13435	33875	33754	14442	7161	30461	34816	18520	25103	3193	34850	34140	16509	4874	17334	34842	30018	18740	34533	33890	34076	34750	15847	19023	34856	27257	20229	34693	27620	25042	34402	34854	5665	16931	4268	18801	34016	33804	34072	8330	34433	33681	30199	33761	11466	34133	10039	34041	32191	33691	16107	8772	34141	34745	34021	34489	2568	26956	20490	32634	34388	23571	33812	2448	18479	33926	34290	33975	9877	34564	34577	34814	34695	3829	3619	34791	34412	2742	5824	33852	18338	63	8572	33797	24035	15687	34860	34461	4761	3444	34244	14200	14039	30541	34793	2721	33777	4487	34661	34867	34738	472	3234	34465	34448	20029	14462	21557	34189	34444	20672	33992	29917	34848	24316	22603	34841	33575	34575	2438	9496	34392	18620	33636	31808	33158	33702	34834	33198	34121	34483	2652	34346	5051	33667	9093	27097	15427	23652	34003	14281	34161	3910	5259	8712	13175	33693	30260	25465	33789	33986	14120	22482	6372	34843	33876	33611	34374	5666	24941	34485	34282	34098	34602	33762	34092	5441	5704	34786	33981	33905	21133	34500	2799	30701	24800	34519	9837	33874	28425	34716	34581	7947	2860	34447	17314	6938	34218	7639	33967	22785	3909	5462	18439	34623	14885	34130	34770	34202	34589	28103	27217	33805	10583	4357	33918	3363	22623	34108	33684	34555	19203	674	27519	3320	34203	34632	34832	14784	4752	34126	24075	31446	33953	33567	34497	34785	34574	7262	3577	15987	8128	7242	3216	29897	33770	33968	34462	105	2830	34760	15867	2792	33813	34365	34827	24276	10945	34853	15186	34727	4689	18640	20692	14542	3868	34315	34755	29836	3892	34862	33218	28868	3700	34734	28646	21335	3069	21758	14220	14562	33833	34802	20470	34527	14362	34248	10159	27358	4650	24901	34478	4313	34813	2624	34667	2285	33616	20189	34554	32855	15467	33999	28385	2706	34616	4746	21577	21093	34484	17957	29433	9757	34776	34128	8169	4507	16267	30219	34504	34562	26936	34182	4748	33945	2621	25123	24115	4724	29735	29211	33259	34472	31305	3830	3723	16027	33915	18500	2324	18560	34751	33721	27237	5400	22825	34828	23833	33716	3051	4791	8370	25505	7633	1	20350	28606	18318	21960	34636	3636	33707	2335	3891	34757	10623	34844	34700	25183	32110	4716	34475	34254	30340	28365	16227	8471	21073	2530	11446	15727	14865	19464	34849	34335	30581	31527	34733	20852	34601	11766	19343	34324	34807	2850	34064	30159	134	33692	34420	6391	34839	33793	34820	2380	6797	12449	22080	82	25707	33723	11005	26453	34310	19726	2432	34162	33565	5217	34630	4912	34608	4722	19928	34804	34666	3173	33985	10684	2642	27398	33742	4822	28848	6757	32272	24397	8832	34107	4909	3401	17675	21254	33832	34782	33618	14019	2431	34518	11606	34819	27197	33642	33706	33734	32593	4817	17877	34787	33960	34792	25767	34104	18078	18058	33569	4971	20370	34269	33677	34493	2738	30802	30240	3554	34714	19363	34847	33630	34553	2769	34307	32936	2572	33964	33881	23914	2585	30922	33610	30381	20169	33501	34825	34401	19948	34752	18922	34772	32151	6575	18861	34125	34524	34069	28989	33978	11806	15286	34190	6291	34582	5966	34085	34091	20008	33714	33972	25727	13576	2629	2603	30721	17695	34181	33705	26110	26734	28445	5542	30782	17816	34664	29655	34118	15607	2779	34845	34241	30822	3400	12530	2807	34146	11826	34758	28405	2737	3551	2595	33650	34763	34777	34272	14079	18680	2237	34823	33659	7141	13798	3135	10079	2440	2791	34154	34163	2667	33728	34749	34798	34650	25223	33601	33077	33743	34450	28465	34009	33898	34548	23228	10744
tss_workgroups_d.tech_id	53	51	54	41	12	21	62	73	57	11	14	13	2	3	19	24	61	75	32	49	7	64	52	58	63	44	55	23	71	10	0	67	5	16	40	72	22	50	68	25	28	48	18	47	15
